ok	ohk
saluton	salułton
saluton	salu-łton
saluton	salułton
estis	eestis
kio	kiio
bone	boł-ne
bone	boł-ne
bone	boł-ne
ovaĵo	ovaĵo
ovaĵo	ovaĵo
amiko	amijko
kiel	kijel
kiel	kij-jel
kio	kiy-jo
kio	kiy-jo
kio	kiy-jo
kio	kiy-jo
kiel	kij-jel
kiel	kij-jel
kio	kiy-o
vidis	wijdis
revidis	re-wijdis
revidis	rewijdis
revidos	rewijdos
revido	rewijdo
revidon	rewijdonn
revido	rewijdo
revidon	rewijdonn
kaj	kaj
dankas	dankas
dankis	dankis
dankon	dankonn
kaj	kaj
bela	bela
bele	bele
dankinde	dankijn-de
tute	tuł-te
nedankinde	nedankijn-de
petas	petas
mateno	mateno
matenon	matenonn
grande	graan-de
sidinta	sidinta
ĉambro	czambro
kaj	kaj
sportisto	sportisto
tablo	tablo
kaj	kaj
paperoj	pa-peroyi
tablo	tablo
kaj	kaj
tabloj	tabloy
skribas	skribas
skribotablo	skribo-tablo
ofte	of-te
venas	wenas
tiu	tiu
bone	bo-ne
laŭta	lałta
diris	diris
vere	we-re
novaĵo	nowadźo
tio	tio
novaĵo	nowadźo
sciis	stziis
fakte	fakte
tio	tio
longa	longa
rakonto	rakonto
volas	wolas
poste	pos-te
volas	wolas
pravas	prawas
bona	bona
ideo	ideo
dankon	dankonn
agrabla	agrabla
vespero	wespero
muziko	muziko
plaĉas	pla-czas
muziko	muziko
ege	ege
plaĉis	pla-czis
danci	dantsi
amuze	a-mu-ze
danci	dantsi
amuze	a-muł-ze
adreso	adreso
paĝaro	padżaro
retpoŝtos	ret-posztos
kaj	kaj
bonan	bonann
nokton	noktonn
aperas	aperas
tiu	tiu
dancis	dantsis
sabata	sabata
nokto	nokto
ĝojas	dżoyas
ĝojas	dżoyas
venis	wenis
paĝaro	padżaro
ŝajnas	szaynas
interesa	interesa
tute	tuł-te
preta	preta
ankoraŭ	ankorał
tute	tuł-te
preta	preta
baldaŭ	baldał
multaj	mułltai
ekzerco	ekzertso
ekzemple	ekzemple
vortaroj	wortaroyi
kaj	kaj
ekzercoj	ekzertsoy
kaj	kaj
diversaj	diweersai
ekzercoj	ekzertsoy
bona	bona
komenco	komentso
devas	dewas
paroli	paroli
paroli	paroli
alia	a-lija
paroli	paroli
alia	a-lija
persono	per-sono
pardonon	pardononn
devas	dewas
paroli	paroli
alia	a-lija
persono	per-sono
lingvohelpanto	lingwo-helpanto
"lingvohelpanto"	"lingwo-helpanto"
silenta	sylenta
silenta	sylenta
silente	sylennte
ĝoje	dżo-ye
doni	doni
sono	sono
silento	sylento
silenti	sylenti
proksima	proksyima
havaĵo	hawazo
oni	oni
alta	alta
bono	bono
espero	espero
esperi	esperi
sukcesi	suktsessi
porko	porko
nova	nowa
bovo	bowo
glacio	glatsiyo
ŝafo	szafo
araneo	araneo
pentri	pentri
paki	paki
paki	paki
-aĵo	-azo
konstruaĵo	konstru-azo
bovaĵo	boważo
ovaĵo	ovażo
araneaĵo	arane-aażo
manĝado	mandżado
fiŝkapti	fiszkapti
fiŝisto	fiszyisto
diri	dyiri
diri	diri
interparoli	interparoli
parolo	parolo
drinki	drinki
trinkakvo	trinkakwo
sendi	sendi
nomo	nomo
nomon	nomonn
pardoni	pardoni
pardono	pardono
sonĝon	sondżonn
tagon	tagonn
sidonta	si-donta
sportas	sportas
paperoj	papee-royi
paperoj	pa-pe-royi
sporto	sporto
dancejo	dantseyo
dancejo	dantzeyo
rakontos	rakontos
loko	loko
komprenas	komprenas
diversaj	diwersai
havaĵo	haważo
koko	koko
ovo	owo
-aĵo	-ażo
konstruaĵo	konstru-ażo
novaĵo	noważo
kokaĵo	kokażo
ŝafaĵo	szafażo
araneaĵo	arane-ażo
kapti	kapti
laboristo	laboristo
instruistino	instruistino
hotelisto	hotelisto
lingvo	lingwo
ilia	ilia
viaj	wiyay
ili	ili
esperantisto	esperantisto
enskribis	enskribis
hotelĉambro	hotelczambro
sportistoj	sportistoy
skribas	skribass
havas	havass
belaj	belai
hejmo	heymo
eniri	eniri
geamikojn	geamikoynn
ŝatas	szatas
librojn	lijbroynn
bonajn	bonaynn
gepatroj	gepaatroi
kafo	kafo
kuiris	kuiris
kuiris	kuiiris
povas	powas
kafon	kafonn
okulo	okulo
okulojn	okuloynn
sentis	sentis
demandas	deman-das
unu	unu
revenos	revenos
kelkaj	kelkay
post	post
finparolis	finparolis
dume	dułm-e
certas	tsertas
respondo	respondo
provos	prowos
volonte	wolonte
kisinde	kisin-de
tion	tiyonn
bedaŭrinde	bedałrijn-de
foriri	foriri
interreto	interreto
vespere	wespe-re
pensas	pensass
resaluton	ressalułtonn
denove	denowe
bonege	bo-ne-ge
demandojn	de-mandoynn
tempon	temponn
vesperon	wesperonn
skribu	skribu
respondi	respondi
tamen	tamenn
trovi	trowi
trovos	trowos
homoj	homoy
parolas	parolas
esperanton	esperantonn
popolo	popolo
prave	prawe
kiuj	kiuy
tiuj	tiyuy
renkontoj	renkontoy
situacioj	situatsiyoy
ekzistas	ekziystas
teatraĵo	teatrażo
ktp	kotopo
same	saa-me
aliaj	aliyay
almenaŭ	almenał
liza	liza
pentras	pentras
bildojn	bildoynn
aŭskultas	ałskultas
kanton	kantonn
malbone	malbo-ne
sufiĉe	suficze
rekomendos	rekomendos
kelkajn	kelkaynn
temas	temas
vivis	vivis
viro	viro
gravaj	gravai
kredas	kredas
esperantistoj	esperan-tistoy
verŝajne	verszaay-ne
junulo	yunullo
trinkis	trinkis
frato	frato
k	kai
t	tiyel
p	plu
k	kai
t	tiyel
p	plu
k	kai
t	tiyel
p	plu
k	kai
t	tiyel
p	plu
fini	fini
riĉa	ricza
stelo	stelo
hela	hela
helpi	helpi
maljuna	maliułna
malmola	malmolla
malalta	malallta
malhela	malhela
malhelpi	malhelpi
malsana	malsana
antaŭulo	antałullo
riĉulo	riczullo
stelulo	stel-ullo
maljunulo	maliu-nullo
golulo	gol-ullo
golulo	goluullo
krimulo	krimuullo
filo	fiilo
edzo	ed-zo
edzino	ed-zino
plaĉi	placzi
sekvi	sekvi
sekve	sek-ve
-ant-	-ant-
-int-	-int-
manĝante	man-dżante
kriante	kriante
trinkinte	trinkiyn-te
sendinto	sendynto
leginte	legiynnte
manĝante	mandżannte
enironte	enironnte
bonvole	bonvolle
malgranda	malgranda
akuzativo	akuza-tiyvo
akuzativon	akuza-tiyvonn
vidas	vidas
malbela	malbela
atendas	aten-das
alvenis	alvenis
bonvenon	bonvenonn
kunveno	kunveno
bonvena	bonvena
bonaj	bonai
lernejo	ler-neyo
strato	strato
tago	tago
kafejon	kafeyonn
kompreneble	kompre-ne-ble
cent	tsent
dolaroj	dolaaroj
dolaroj	dolarroi
serĉis	sseerczis
fine	fiy-ne
finfine	finfiy-ne
okazis	okazis
akcidento	aktsi-dento
poste	posste
restas	restas
profesia	professiya
rapide	rapi-de
vera	vera
letero	letero
amletero	amletero
revenis	revenis
revenintoj	revenintoy
leteroj	leteroi
lernantoj	lernantoy
lingvo	lingvo
1911	mil-nałtsent-dek-unu
lingvonivelo	lingvonivelo
estas	estas
nivelo	nivelo
devas	devas
kabei	kabei
interese	interesse
forgesos	forgesos
kafejo	kafeyo
pluraj	pluł-rai
inviti	in-viti
invitilo	invitilo
ijk	yi-yo-ko
kio	kiyo
i-j-kio	yi-yo-kiyo
i-j-k	yi-yo-ko
kongreso	kongreso
pensu	pensu
teda	teda
simple	siym-ple
tri-cent	tri-tsent
kvar-cent	kvar-tsent
preskaŭ	preskał
eblas	eblas
partopreni	partopreni
kutime	ku-tyime
kutime	kutyime
niveloj	niveloy
ĉiu-jare	czi-u-yaa-re
ĉiu-foje	czi-u-foye
alispeca	alispetsa
programeroj	programe-roi
ekzemple	ekzem-ple
tie	ti-ye
sed	sedd
viaj	viyay
ree	re-e
lecionon	letci-ononn
lavis	la-vis
trankvila	trank-viyla
trankviliĝu	trank-vilidżu
300	tri-tsent
400	kvar-tsent
leciono	letsi-ono
inter	inter
fingroj	fingroy
forlasita	forlassiyta
taso	tasso
sin	ssynn
lian	li-ann
libro	libro
dulingva	dulingva
trilingva	trilingva
iris	iris
reiris	re-iris
floroj	flo-roi
belajn	bel-aynn
disdonis	disd-onis
filon	filonn
gesinjoroj	gesinyo-roy
ringon	ringonn
ringo	ringo
demandis	de-mandis
elektos	elek-tos
ko-to-po	kai-ti-yel-plu
hejme	hey-me
pripensos	pri-pensos
certe	tserr-te
ijk-invitilo	yiyoko-invitilo
50	kvin-dek
eŭroj	eł-roy
trajno	tra-yino
70	sepdek
espereble	es-pe-rebb-lle
kiel	ki-jel
unue	u-nułe
daŭrigas	dał-riygas
planado	pla-nado
demandu	de-mandu
aferoj	afe-roy
klaraj	kla-rai
malklaraj	malkla-rai
aliĝi	alidżi
aliĝilo	alidżilo
tejo-birdo	teyo-bi-rdo
ilo	ilo
al-iĝi	al-idżi
ktp	kai-tiyelplu
esperantista	esperan-tista
birdo	bir-do
kie	ki-ye
amaso	amasso
dormigilo	dormi-gilo
junulara	yu-nulara
gastejo	gaste-yo
junulargastejo	yu-nular-gaste-yo
spertulo	sper-tulo
sidas	si-das
ŝia	szia
junaj	yułnai
hejmo	hey-mo
bonajn	bo-nainn
librojn	li-broinn
trinki	trinki
belajn	be-lainn
okulojn	okuloinn
okulojn	okułloinn
demandas	de-man-das
fratino	frati-no
forgesis	forgessis
akuzativo	akuza-ti-vo
amikon	amikonn
geamikojn	ge-amikoynn
iros	iros
kunsido	kun-sido
kunsido	kun-sjdo
facilajn	fatsilajnn
lernolibrojn	lerno-libroynn
kiujn	kiujnn
ruĝajn	rułdżajnn
eniru	eniru
manĝu	man-dżu
sufiĉan	suficzann
sufiĉas	suficzas
dolaro	do-laro
dolaroj	do-larroi
dolarojn	do-larojnn
kantisto	kantisto
vidu	vidu
rapidan	rapidann
veturilon	veturilonn
amletero	amle-tero
libron	libronn
serĉis	sserczis
libroj	libroy
lecionon	letsi-ononn
tasojn	tassojnn
lian	liyann
ellabori	el-labori
dek-tage	dek-ta-ge
vendisto	vendisto
rilatas	ri-latas
lingvohelpanto	lingwo-hellpanto
kelkaj	kelkai
vespere	wes-pe-re
paĝojn	pa-dżoynn
kelkajn	kel-kaynn
lingvon	lingvonn
situacioj	si-tuatsiyoy
ekzistas	ekzisstas
kiel	kijel
lingvoj	lingvoy
aktiva	aktiva
stilon	stilonn
subite	subite
simplan	simplann
signifas	signifas
verŝajne	verszay-ne
verŝajne	werszay-ne
sukcesis	suktsessis
iri	iri
simple	sim-ple
kutime	kuti-me
okazas	oka-zas
ĉiu-foje	czi-u-fo-ye
koncertojn	kontserrtoynn
mikso	mikso
kotizo	ko-ti-zo
daŭrigas	dał-rigas
invitilon	invitilonn
aferoj	a-fe-roy
malklaraj	mal-kla-rai
organizo	organizo
mallongigo	mallongigo
amasloĝejo	amas-lodżeyo
dormosakon	dormo-sakonn
vidos	vidos
gastejo	gas-te-yo
silento	sy-lento
konstruaĵo	konstrru-ażo
fiŝisto	fiszisto
trinkakvo	trink-akwo
malriĉa	malricza
trinkinte	trinkin-te
lernantino	lernan-tino
gitaro	gi-taro
akuzativo	akuza-tivo
vidis	vidis
kukojn	kułkoynn
fariĝis	fa-ridżis
piedo	pi-edo
piediras	pi-ed-iras
piediranto	pi-ed-iranto
vespere	wes-pere
tujmesaĝilo	tuy-mesa-dżilo
ĉiujn	cziułinn
ĉiuj	cziyui
renkonto	renkonnto
ĉiu-foje	cziyu-fo-ye
alia	a-lia
plaĉi	pla-czi
ioma	iyoma
ioma	i-yoma
-it-	-it-
bezonata	beżzonata
ilustrita	ilustrita
diversa	di-versa
agrable	agra-ble
aŭtomobilo	ałtomo-bilo
veturi	veturi
necesejo	netse-seyo
tuj	tui
kiuj	kiui
partopreni	parto-preni
ekstere	ekste-re
gepatroj	gepatroi
geedziĝi	ge-ed-zidżi
multa	multa
almenaŭ	al-menał
dis-	dis-
-uj-	-ui-
ekscii	ek-stsiyi
kuiri	kuiri
-ist-	-ist-
eksidi	eksidi
ŝtelisto	sztelisto
instruisto	instruisto
kune	ku-ne
kies	ki-yes
foje	fo-ye
foje	fo-ye
demandi	de-mandi
feliĉa	felicza
hieraŭ	hi-erał
deziri	deziri
lingva	lingva
ĝusta	dżusta
majo	ma-yo
ŝajni	szay-ni
super	super
skribi	skribi
tute	tu-te
ruĝa	rudża
forgesi	forgessi
brili	brili
permesi	permessi
tuta	tuta
decembro	de-tsembro
ludi	ludi
lito	lito
pasigi	pasigi
organizi	organizi
organizi	orga-nizi
infanĉambro	infan-czambro
grupo	grupo
dika	dika
provi	pro-vi
aŭgusto	ałgusto
inaŭguro	inałguro
rajto	raito
rajti	raiti
matene	ma-tene
tagmezo	ta-gmeso
aprilo	aprilo
posttagmeze	post-ta-gmeze
vintro	vintro
aŭtuno	ałtuno
publika	publika
flughaveno	flug-ha-weno
transirejo	trans-ireyo
vitro	vitro
okulvitroj	okul-vitroy
suno	suno
sun-floro	sułn-floro
ombrelo	ombrello
pluvi	pluvi
pluvo	pluvo
ĉiĉerono	czicze-rono
kruco	krutso
kruĉo	kruczo
vojmontrilo	voymontrilo
vojmontrilo	voymont-rilo
simpla	simpla
militi	militi
naturo	naturo
verdire	ver-di-re
kulerego	kule-rego
kontenta	kon-tenta
rozo	ro-zo
levi	le-vi
trinkmono	trink-mono
gratifiko	grati-fiko
ĉiu	cziyu
longaj	longai
bongusta	bon-gusta
broso	brosso
kiu	kiyu
tiu	tiyu
iu	iyu
neniu	neniyu
minuto	mi-nuto
bedaŭri	bedałrri
trankvila	trank-vila
linio	liniyo
bieno	bi-eno
-ebl-	-e-bl-
eble	e-ble
simili	si-mili
popolo	po-polo
nulo	nu-lo
rektangulo	rektan-gulo
triangulo	trian-gulo
kongresnumero	kongresnu-mero
uea	u-e-a
uea	u-ea
adreso	ad-resso
pasaĝerŝipo	pasadżerr-szipo
kongreslibro	kongress-libro
libroservo	libro-servo
libroŝranko	libro-szranko
radio	ra-dio
radio	ra-diyo
kapkuseno	kapkusseno
utila	u-tila
miliono	mili-ono
ĝenerala	dżene-rala
miliardo	mili-ardo
duobla	du-obla
duoble	du-oble
papero	pa-pero
dekoble	dek-oble
duono	du-ono
ĉiutage	cziyu-ta-ge
duona	du-ona
dekono	dek-ono
triono	tri-ono
okcidento	oktsi-dento
pezi	pe-zzi
bantuko	ban-tuko
sceno	stzeno
terure	te-rure
kvaropo	kva-ropo
vizitadi	vizi-tadi
familio	fami-lio
subtaso	subtasso
rilati	ri-lati
buso	busso
industrio	industriyo
glaso	glasso
inviti	in-vyiti
anstataŭ	ansstatał
krajono	kra-yono
onklo	on-klo
pruntedoni	prunte-doni
pruntepreni	prunte-preni
interesi	inte-ressi
-ig-	-igg-
premio	premiyo
komuniki	komu-niki
malvarmiĝi	malvar-midżi
daŭri	dałrri
butero	bu-tero
daŭrigi	dałrrigi
daŭrigi	dał-rrigi
konatiĝi	kona-tidżi
ĉiujn	cziyujnn
bedaŭrindas	bedał-rindas
bedaŭrinda	bedałrrinda
vendiston	vendisstonn
horoj	horoi
leterojn	le-teroynn
aŭskulti	ał-skułlti
kiaj	kiyay
ŝiaj	sziyay
vojaĝis	vo-yadżis
aŭskultinda	ałskułltinda
bedaŭrinde	bedałrrin-de
nedankinde	nedankin-de
temperaturo	tempera-turo
doktoron	dok-toronn
liajn	liyaynn
vian	viyann
semajnon	se-majnonn
semajno	semajno
tuje	tuje
utilis	u-tilis
teruraĵo	teru-rażo
proksimas	prok-simas
proksime	prokssi-me
teruriĝis	teru-ridżis
hodiaŭ	hodiyał
familioj	familyoy
hieraŭ	hiyerał
hieraŭ	hi-yerał
piediris	pi-yed-iris
tien	tiyenn
piedon	pijedonn
semajnfine	semajnfiy-ne
sub	sułb
kion	kiyonn
insistis	in-sistis
kioma	kiyoma
lastatempe	lasta-tempe
resaniĝi	ressanidżi
resaniĝis	ressanidżis
resaniĝis	ressa-nidżis
geedziĝis	ge-edzidżis
iom	iyom
iomete	iyo-me-te
prizorgu	pri-zorgu
altkvalita	alt-kvalita
pripensu	pri-pensu
dufoje	du-fo-ye
multfoje	mult-fo-ye
cezaro	tsezzaro
fariĝis	fa-riydżis
malfrue	mal-fru-e
kiam	kiyam
familio	fami-liyo
bonfarulo	bonfa-rullo
libreto	lib-reto
kiun	kiyunn
malfruas	malfruass
tiam	tiyam
scias	stsiyas
rapidege	rapidegge
gelernantojn	geler-nantoynn
diable	di-able
ĉiam	cziyam
laŭeble	lał-eb-le
diablo	di-ablo
atendis	a-tendis
tiom	tiyom
ridis	riydis
sidas	siydas
neniam	neniyam
matenan	ma-tenann
frue	fruje
ekkriis	ekkriyis
geknaboj	ge-knaboy
aliajn	a-liajnn
geknabojn	ge-knaboynn
amikojn	a-mikoynn
amikinojn	ami-kinoynn
libron	liybronn
du	duł
jarojn	yaaroynn
mian	miyann
tiun	tiyunn
kien	kiyenn
ekiris	ek-iris
kiom	kiyom
malbonaj	mal-bonai
mia	miya
miaj	miyay
miajn	miyajnn
malbonajn	malbonajnn
notojn	notojnn
muziko	mu-ziko
ideoj	ideoj
glason	glassonn
sian	siyann
kuirejon	kui-reyonn
purigos	pu-rigos
nenion	neniyonn
tiel	tiyel
kial	kiyal
renovigi	reno-vigi
puraj	purai
purajn	purajnn
sportklubo	sport-klubo
renovigi	renovigi
semajnoj	semajnoy
policiston	poli-tsistonn
veturado	ve-turado
libertempo	liber-tempo
italio	italiyo
malnovaj	malnovai
aliaj	aliyaj
libron	li-bronn
libron	libronn
ekveturas	ek-veturas
sidas	sijdas
vojaĝadus	voya-dżadus
io	iyo
rajtis	rajtis
tial	tiyal
malvarmumis	malvar-mumis
gepatroj	ge-patroi
viajn	viyajnn
gepatrojn	ge-patroynn
irus	i-rus
irus	ij-rus
dezirus	dezi-rus
parizo	pariso
diversmaniere	di-verss-mani-ere
samaj	samaj
samaj	samai
samajn	samajnn
ideojn	ideojnn
familianoj	familiyanoy
rapide	rapijde
bonvolus	bon-volus
ion	iyonn
interesaj	interesai
neinteresaj	neinteresai
ekskursi	ekskurssi
kiuj	kiyui
ia	iya
iaj	iyaj
paperoj	pa-peroyi
paperujo	pa-pe-ruyo
paperujon	pa-pe-ruyonn
paperojn	pa-pe-roynn
paperojn	pa-pe-rojnn
ĝuste	dżus-te
trifoje	trifoje
semajne	semajne
rajtas	raitas
familianoj	famili-yanoy
iun	iyunn
ridetis	ri-de-tis
liaj	liyai
realigi	rea-ligi
opinion	opi-niyonn
morgaŭan	mor-gałann
juneco	yu-netso
malsimplaj	malsimplai
laboroj	laboroi
laboroj	la-boroi
malsimplajn	malsimplajnn
laborojn	laborojnn
plisimpligi	pli-simpligi
monujon	mo-nuyonn
ekzemplojn	ekzemplojnn
feliĉigas	feli-czigas
feliĉigas	feli-czijgas
amikeco	ami-ketso
leterojn	le-teroinn
sinjorino	ssiniorino
sinjorinoj	ssiniorinoy
elstaraj	elstarai
alilandaj	alilandai
urbomezo	urbo-mezo
plue	plułe
malproksime	malprok-si-me
proksime	prok-si-me
facile	fa-tsi-le
scii	stsiyi
hommulton	hom-multonn
rideto	rydeto
ekkriis	ek-kriyis
diras	di-ras
manojn	manojnn
niaj	niyay
nia	niya
venecio	venetsiyo
nenio	neniyo
subakvigis	subak-vigis
venecion	venetsiyonn
tridekjara	tridek-yara
senkolora	senko-lora
sekretajn	sekretajnn
timas	timass
moneroj	mo-ne-roj
tiuj	tiyui
tiujn	tiujnn
trankvile	tran-kvile
ekparolis	ek-parolis
ĝustatempe	dżusta-tempe
ŝipkuron	szip-kuronn
senvorte	sen-vorte
sia	siya
paperon	pa-peronn
malhele	mal-hele
ŝlosilon	szlo-si-lonn
silentiĝis	sylen-tidżis
havinda	ha-vinda
havinda	havinnda
havindan	havinndann
plimulto	pli-multo
pripensis	pri-pensis
tio	tiyo
dumtage	dum-ta-ge
dumtage	dum-tagge
malplaĉan	mal-pla-czann
arboplena	arbo-plena
devojiĝis	devoy-idżis
ekstervoje	ekster-voje
naturaĵojn	natu-rażojnn
malsekajn	mal-sekajnn
malsekaj	mal-sekay
malsekaj	malsekaj
malfacile	malfa-tsi-le
travivaĵo	tra-vivażo
malofte	mal-of-te
antaŭeniris	antałen-iris
kastela	kas-tela
videblaj	videblai
mallaŭte	mal-lałte
direkte	di-rekte
malmulte	mal-multe
situacio	situ-atsiyo
situacio	si-tu-atsiyo
siajn	siyajn
branĉojn	branczojnn
malsekajn	malsekajnn
en	en
vizaĝojn	vi-zadżojn
industriisto	industri-isto
multpiedaj	mult-piedaj
bestetoj	bes-tetoy
liajn	liyajn
piedojn	piedojn
dolorige	dolorigge
lian	liyan
piedon	pijedon
ajn	ajn
surlokan	sur-lokann
supren	suprenn
trankvilo	trank-vilo
trankvilon	trank-vilonn
kiun	kiyun
ŝajnis	szajnis
vestojn	vestojn
policajn	politsajn
grav-tone	grav-to-ne
meze	mese
invitis	in-vi-tis
fare	farre
okazas	okasas
ĉifoje	czifoje
ĉion	cziyon
malmulton	malmulton
malmulto	malmultto
unuaj	u-nuaj
malnovaj	malnovaj
pripensas	pri-pensass
alian	aliyan
duonon	du-onnon
kvaronan	kvaronan
jaron	yaron
atendas	atenndas
funkcias	fułnktsiyas
libreto	librreto
signifis	siggnifis
signifo	siggnifo
signifas	siggnifas
konatiĝi	konattidżi
hejmo	hejmo
plurajn	plurajn
interesajn	interesajn
spertojn	spertojn
finfine	fin-fi-ne
dubas	dubass
akceptiĝi	aktsep-tidżi
miasperte	miya-spertte
rusio	rułssiyo
novaj	novaj
malnovaj	mal-novaj
lkk	lo-ko-ko
lkk-ano	lo-ko-ko-ano
kvitancon	kvi-tantsonn
membriĝi	membrridżi
kvitancoj	kvi-tantsoy
antaŭpagoj	antał-pagoy
membrokartoj	membro-kartoy
lacaj	latsaj
afablaj	afablaj
horoj	horroj
babilemaj	babi-lemaj
inoj	inoj
ial	iyal
aspekte	aspekte
ktp	kaj-tiyelplu
aspekte	aspekte
samseksemulo	samseksemullo
lesbo	lessbo
ĉiukaze	cziyu-kaze
male	ma-le
unua	u-nua
ijk-tago	i-yo-ko-tago
tutan	tutan
nokton	nokton
profunde	pro-fułn-de
orelŝtopilojn	orelsztopilojn
kaĉjo	kaczjo
kaĉjo	kaczio
karesi	karessi
-ĉj-	-czjo-
karesnomojn	karesnomojn
iam	iyam
entute	entu-te
kelkajn	kel-kajn
vortojn	vortojn
muziko	mu-zijko
eliras	el-iras
tiun	tiyun
fine	fijne
amuzan	a-muzan
ĉiuj	cziyuj
lastaj	lastaj
423	kwar-tsent-du-dek-tri
38	tri-dek-ohk
fruktodonan	frukto-donan
amuzegan	amu-zegan
ijk-semajnon	i-yo-ko-semajnonn
koran	koran
nome	no-me
tejo-kunsidoj	teyo-kunssidoy
interesi	interessi
iun	iyun
tagon	tagon
tiujn	tiyujn
ijk-preĝo	i-yo-ko-predżo
funkcias	fułnk-tsiyas
ĉielo	cziyelo
ĉielen	czijelenn
ĉielen	czi-elenn
ĉielen	czi-elen
anĝelinoj	andże-linoj
jesi	yessi
kelkaj	kelkaj
demandoj	de-mandoj
papero	pappero
rilate	ri-la-te
germanio	germaniyo
japanio	yapaniyo
ĉielece	czijeletse
anĝelinon	andżeliynonn
mirinde	mi-rin-de
mirinde	mirin-de
dio	diyo
trinkejestro	trinkej-estro
bieron	biyeronn
vodko	vod-ko
laŭdire	lał-di-re
dancas	dantsass
ene	e-ne
tiuj	tiyuj
dancantaj	danntsanntaj
dancantoj	danntsanntoj
dancanton	danntsanntonn
tri-foje	tri-foje
kisito	kissito
kisonto	kissonnto
kisoto	kissoto
ĝuste	dżusste
fajfas	fajfas
tutcerte	tut-tserr-te
tiaj	tiyaj
teumante	te-umante
trankvila	trankwila
vian	viyan
bieron	bi-yeronn
trankvilo	trankwilo
okazaĵoj	okazażoj
okazaĵoj	okazażoy
rehavi	re-havi
cetere	tse-te-re
ekspozicio	ekspozitsiyo
ĉiukaze	cziyu-ka-ze
afiŝojn	afiszojn
ekskursafiŝoj	ekskurs-afiszoy
horoj	ho-roj
finkunsidis	fin-kunsidis
kunsidon	kunssidonn
seminarioj	seminariyoy
rajtoj	rajtoy
interkulturaj	interkulturaj
biciklo	bitsi-klo
biciklokaravanoj	bitsi-klokaravanoj
biciklokaravanoj	bitsi-klokara-vannoi
lingvaj	lingvaj
ttt-paĝoj	to-to-to-padżoy
seminario	seminariyo
oficialaj	ofitsiyalaj
unesko	u-nesko
reprezentitaj	reprezen-titaj
instancoj	instantsoj
sekcio	sektsiyo
unuiĝintaj	u-nuidżintay
nacioj	natsiyoi
un	u-no
folio	foliyo
foliumi	foli-umi
ventumi	ven-tumi
esperantumi	esperan-tumi
semajnojn	semajnojn
kian	kiyan
fondis	fondiss
eventuale	e-ventuale
ijk	i-yo-ko
tagojn	tagojn
dirite	di-ri-te
kisis	kissis
kison	kissonn
elradias	el-radiyas
kiso	kisso
speciala	spetsialla
iel	iyel
muziko	musiko
flirtumis	flirrtumis
kongresejo	kongresseyo
tipe	ti-pe
gekaraj	gekaraj
veni	weni
ŝokitaj	szokitaj
konfuzitaj	konfu-zitaj
konfuzita	konfu-zita
ekkomprenis	ek-komprenis
komplike	komplikke
ina	iyna
personojn	personojn
pripensado	pri-pensado
submetis	sułbmetis
asocio	asotsiyo
konfirmilon	konfirrmilonn
submeti	sułbmeti
paperan	pa-perann
surloke	surlokke
societo	sotsi-eto
ĉeestus	cze-estus
aldone	aldo-ne
aldone	al-do-ne
limdato	lim-da-to
limdato	limda-to
aviadilan	avia-dilann
gvidanto	gvi-danto
registriĝi	reggistridżi
registriĝi	re-gi-stridżi
iku	i-ko-u
universitato	universi-tato
ais	a-i-so
akademio	akademiyo
internacia	internatsiya
sciencoj	stsi-entsoy
sennacieca	sennatsi-etsa
prelegoj	prelegoj
enuaj	enuaj
skipe	ski-pe
bulteno	bul-teno
bulteno	bul-teno
dua	duła
provizoraj	pro-vi-zoraj
programoj	programoj
ĝeneralaj	dżeneralaj
kondiĉoj	kon-diczoy
antaŭ-kongresaj	antał-kongresaj
ekskursoj	ekskursoj
tut-tagaj	tut-tagaj
duon-tagaj	dułon-tagaj
dum-kongresaj	dum-kongresaj
uk	u-ko
landaj	landaj
aŭtoritatoj	ałtori-tatoy
sekretario	sekretarriyo
kasisto	kassisto
artaj	artaj
sociaj	sotsiyaj
retejoj	re-teyoy
reĝisoro	redżi-soro
identigilo	identi-gilo
vizo	viso
co	tso-o
uea	u-e-a
oficialan	ofi-tsialann
eventualaj	e-ventualaj
oficiala	ofitsiyala
oficiala	ofitsijala
kaze	ka-ze
akcidentoj	aktsi-dentoy
valizojn	valizojn
flug-haveno	flug-haweno
buse	bu-se
taksie/aŭtomobile	tak-si-e/ałtomobile
taksie	tak-si-e
40	kwar-dek
minutojn	minutojn
utiligi	u-tiligi
metroon	metro-onn
alteriĝis	al-teridżis
kongres-rilataj	kongres-ri-lataj
aferoj	a-fe-roj
mon-unuo	mon-u-nuo
kurzo	kurrzo
foiro	fo-iro
diservo	di-servo
aŭkcio	ałktsiyo
registrita	re-gistrita
konsentitoj	konsen-titoy
aliloke	ali-lokke
indikite	indi-ki-te
nuligon	nuligon
metroon	metro-on
anstataŭigi	ansstatałigi
sciigi	stsi-igi
ŝlosilo	szlossilo
flugilo	flu-gilo
biero	biyero
-eg-	-egg-
rideti	riydeti
varmete	var-me-te
proksimume	proksimumme
proksimume	proksi-mu-me
samideano	sami-de-ano
majstro	majstro
majstra	majstra
-ind-	-indd-
adiaŭ	adiyał
ĉiel	cziyel
neniel	neniyel
b	bo
k	ko
t	to
p	po
ĉielarko	cziyelarko
restoracio	restoratsiyo
semajnfino	semajnfino
ie	i-e
ĉie	czi-e
nenie	neni-e
ĉi-semajne	czi-semajne
opinii	opini-i
informejo	infor-me-yo
vulpo	vul-po
altlernejo	alt-ler-neyo
mezlernejo	mezler-neyo
ĉiovendejo	cziyo-vendeyo
valizo	va-lizo
diablo	diyablo
ĉial	cziyal
nenial	neniyal
obei	o-be-i
obeema	o-be-ema
malplej	malplej
ĉia	cziya
nenia	neniya
alie	a-li-e
temperaturo	temperaturo
pia	piya
-id-	-idd-
eksterlandano	ekster-landano
edziĝi	eddzidżi
edziniĝi	eddzinidżi
geedzoj	ge-eddzoy
geavoj	ge-avoy
geedziĝinta	ge-eddzidżinta
eksedziĝo	eks-eddzidżo
eksedziĝinta	eks-eddzidżinta
eksedziniĝinta	eks-eddzinidżinta
aŭtoritato	ał-to-ri-tato
praa	pra-a
praavo	pra-avo
praarbaro	pra-arbaro
distribui	distri-bu-i
distribui	dis-tri-bu-i
distribui	distri-bułi
distanco	dis-tantso
ekstari	ek-stari
distanco	disstanntso
dolaro	dolaro
policisto	poli-tsisto
dancisto	dancisto
imperio	imperiyo
imperiestro	imperi-estro
imperiestro	imperiestro
-end-	-endd-
-ing-	-ingg-
-njo	-njo
-ĉjo	-czjo
biciklo	bi-tsi-klo
ĉefurbo	czef-urbo
veturado	veturado
tiuokaze	tiyu-oka-ze
tiuokaze	tiyu-okazze
subakvigi	subak-vigi
sentimulo	sentimułllo
senbrue	sen-bru-e
senbrue	sen-brułe
rideto	rriideto
neinteresa	ne-interesa
maltrankvila	maltrank-wila
maltrankvila	maltrankk-wila
intervidiĝi	interwididżi
ekvidi	ek-vidi
ekmire	ek-mi-re
aĉodora	acz-odora
venecia	venetsiya
dumil	du-mil
ducent	du-tsent
ducent	dutsent
kvin	kwinn
vigle	wigle
unuo	u-nuo
reviziti	rewiziti
reciproke	retsiprokke
plumamiko	plum-amiko
plaĉo	pla-czo
papersako	pa-per-sako
malĝusta	maldżussta
ekveturi	ek-veturi
duone	duo-ne
duone	du-o-ne
z	zo
unuiĝintaj	u-nuidżintaj
n	no
sekr	sekretarriyo
rpk	respondkupono
rpk	ro-po-ko
red	red-
redakcio	redaktsiyo
posttagmeze	po-to-mo
proksimume	prokssi-mu-me
proksimume	prok-ssi-mu-me
proksimume	prok-si-mu-me
kp	ko-po
kkk	ko-ko-ko
k-do	ko-do
jei	yo-e-i
e-instituto	esperanto-instituto
iemw	i-e-mo-wo
e-muzeo	esperanto-muzeo
wien	wiyeno
epa	e-po-a
e-populariga	esperanto-populariga
oomoto	o-omoto
ekz	e-ko-zo
doktoro	do-ro
ĉ	czo
anst	annst
simio	simiyo
fadeno	fa-de-no
ak	ako
antaŭtagmeze	a-to-mo
d	do
eaŭ	e-a-ło
esperantista	esperantista
fd	fo-do
isae	i-ssa-e
e-ista	esperantista
muso	musso
c	tso
kea	ko-e-a
e-asocio	esperanto-asotsiyo
kleg	klegg
e-istaj	esperantistaj
s	so
lk	lo-ko
mem	mo-e-mo
v	wo
m	mo
s-ano	so-ano
sek	so-e-ko
sinjorino	so-ino
vd	vo-do
alimaniere	alimanierrre
ankoraŭfoje	ankorał-foje
dankinde	dankijnndde
elektroterapio	elektroterapiyo
enverŝi	ennverszi
fame	fa-me
internacie	internatsiye
kia	kiya
maniere	manierrre
komplezo	kom-ple-zo
oscedi	osstsedi
senfine	sen-fi-ne
tokio	tokiyo
triope	trioppe
unuigita	u-nuiggita
unuvorte	u-nuvorte
unuvorte	u-nu-wo-rte
dudek	du-dek
kvardek	kvar-dek
tricent	tri-tsent
mem	mem
bonifacio	bonifatsiyo
-unt	-unnt
ekde	ekdde
bluzo	blu-zo
ekkrii	ek-kri-i
ekridi	ek-ridi
eksalti	ek-salti
hommulto	hom-multo
karulo	karullo
stumpo	stułmpo
malinterese	malinteresse
opinio	opiniyo
paperujo	paaperruyo
seninterese	seninteresse
sensukcese	sensuk-tsessse
sinjorino	ssinyorino
kuniklo	kunikloo
sendube	sendułbe
senfare	senfarrre
ties	tiyess
ĉies	cziyess
mielo	miyelo
mielo	mi-elo
ies	iyess
nenies	neniyess
unuafoje	u-nuafoje
iafoje	iyafoje
kvarfoje	kwarfoje
enveni	ennveni
antaŭhieraŭ	antał-hierał
forlasi	forlassi
atingi	aatingi
proksimuma	prokssimuma
noktomezo	nokto-mezo
traleginte	tra-leginnte
ekzisti	ekzissti
cerealo	tse-re-alo
fremda	fremmda
doktoro	doktoro
prof-o	profesoro
kaŭzo	kał-zo
efektive	efektiwwe
maria	mariya
abrupte	abrup-te
regalo	regaloo
pasinta	passinta
organismo	organissmo
komercisto	komer-tsisto
provizora	prowiizora
provizo	prowizo
konsentite	konsenti-te
tagmeze	tagmese
posttagmezo	post-tag-mezo
solstico	solsstitso
ferioj	feriyoy
haveno	haweno
sunvitroj	sułnvitroy
sunbaniĝi	sułnbanidżi
sunombrelo	sułnomb-re-lo
piano	piyano
pluvombrelo	pluvomb-re-lo
mantelo	man-telo
mantelo	manntelo
pluvmantelo	pluvmanntelo
ĉesi	czessi
kafopaŭzo	kafo-pał-zo
antaŭsento	antałsennto
lernoobjekto	lerno-obyekto
lernokotizo	lernokotiiso
metilernanto	meti-lernanto
landlima	landdlima
landlimo	landdlimo
stirilo	sstirrilo
justa	yussta
juste	yusste
rozkolora	rołz-kolora
funkcio	fułnktsiyo
ŝtrumpeto	sztrułmpeto
ŝtrumpeto	sztruumpeto
brosi	brossi
dentobroso	dentobrosso
registri	reggistri
sonregistrilo	sonreggistrilo
plorkrii	plorkriyi
konsentite	konsen-ti-te
sinsekve	sinsekvve
fraŭlo	frałloo
submarŝipo	sułbmarszipo
kajereto	kaiereto
piedfingro	pieddfingro
defendi	de-fendi
defendi	de-fen-di
neceseja	netsesseya
klozetpapero	klozetpappero
gaja	gaja
gaje	gaje
promesi	promessi
artiklo	artikloo
konfuzi	konfułzi
poluso	polusso
pesi	pessi
scenejo	sceneyo
enscenigisto	ennscenigisto
usonano	ussonano
pensiono	pensiyono
oficiala	ofitsiyalaa
esprimi	espriimi
opozicii	opozitsiyi
estimi	estiimi
fulmoforigilo	fulmoforiggilo
konfesi	konfessi
malsanulejo	malsanu-leyo
evolui	e-volui
globkrajono	globkrajono
brulligno	brul-liggno
vundo	vuundo
vundiĝi	vuundidżi
scienco	scyentso
akvumi	akvvumi
akvofalo	akvvofalo
akvomelono	akvvomelono
rezervujo	rezervuuyo
malrapide	malra-pi-de
intereso	interesso
interesa	interessa
fianĉino	fiancino
premiito	premi-ito
miksi	mikssi
doganejo	do-ga-ne-yo
onidire	oni-di-re
dividi	divvidi
tomato	tomaato
metroo	me-tro-o
precipe	pretsippe
ŝlosi	szlossi
signifi	siggnifi
verkisto	verkissto
kisi	kissi
graso	grasso
akcelilo	akcelilo
akceli	akceli
kvalito	kwalito
kuzo	kuso
elturniĝi	eltułrnidżi
presi	pressi
tabulo	tabullo
eventuala	e-ven-tu-ala
posedi	po-sedi
viŝi	viśi
stulta	stul-ta
nebulo	ne-bulo
nebulo	ne-bu-lo
konscii	konstsiyi
fiksi	fikssi
vaporo	va-poro
spico	sspitso
surprizi	sur-prriżi
cirklo	tsirkloo
rizo	riso
rajdi	rajdi
detrui	de-trui
salajro	salajro
akcidento	akcidento
kazo	ka-zo
verŝi	werśi
kvieta	kwiyeta
pacienca	pacientsa
registro	reggistro
origino	ori-ghino
dependi	de-pendi
dependi	deppendi
entrepreni	enntrepreni
pajlo	pajlo
embaraso	embarasso
ŝirmi	śiyrmi
observi	obsservi
stacidomo	stacidomo
balai	ballai
banejo	banneyo
dediĉi	dedići
kuirejo	kujreyo
aŭtejo	ałte-yo
tetaso	tetasso
te-taso	te-tasso
profesio	professiyo
karakterizi	karakteriyzi
fotilo	fotiyloo
humila	hułmila
televidilo	televiddilo
t-ĉemizo	to-cze-mi-zo
krizo	kriyzo
necesi	netsessi
aerpoŝto	a-erposzto
varii	varriyi
fajfi	fajfi
kolbaso	kolbasso
tusi	tussi
kvartalo	kwartalo
originala	origginala
sonoro	sssonoro
societo	societo
surfaco	sułr-fa-co
trajto	trajto
proceso	protsesso
insigno	insygno
floso	flosso
pugno	pułggno
dozo	doso
vazo	va-zo
cirkonstanco	tsirkons-tanntso
stalo	sta-lo
sociala	sociala
spezo	spe-zo
ciklo	tsikloo
civito	tsiviyto
miraklo	mirakloo
provinco	provinntso
brasiko	brassiko
evento	ewento
heroo	he-ro-o
envii	ennvyii
hirundo	hirułndo
bremso	bremsso
foiro	foyiro
ruso	russo
konfirmi	konfyrmi
situo	sytuo
relo	re-lo
narciso	nartsisso
murdi	mułrdi
medicino	medicino
turmenti	turmennti
almozo	almoso
suspekti	sułspekti
civilizi	tsiviliizi
komisiono	komissyono
prononci	prononntsi
kandidato	kandiddato
emfazo	emfaso
frakasi	frakassi
klasika	klasyka
silko	sylko
signalo	signaloo
betulo	betuloo
grajno	grajno
radikala	radikalaa
pumpi	pułmpi
atribui	atribbui
tribunalo	tribbuunaloo
humana	huumana
falsi	falssi
kontribui	kontribbui
ĉerizo	czeryzo
ritmo	rittmo
sitelo	sytelo
rigida	riggida
paradizo	paradyzo
paradizo	paraddiizo
intervjuo	intervjuo
modifi	modiffi
tajloro	tajloro
parfumo	paarfuumo
gento	ghento
misio	missiyo
procesio	protsessiyo
mekanismo	mekanissmo
plumbo	plułmbo
refuti	reffułti
flustri	flułstri
fripono	frippono
ansero	anssero
koloso	kolosso
hajlo	hajlo
vakcino	vakcino
dimensio	ddimensiyo
aŭdienco	ałdi-entso
bleki	blekki
civila	tsiviila
evangelio	evanggeliyo
fazo	fa-zo
kanzono	kansono
konciza	kontsyza
buklo	bukloo
frizi	friizi
sindikato	sinddikato
humida	hhumida
akcento	akcento
romantiko	romantiiko
hispano	hhispano
grumbli	grułmbli
reliefo	reli-efo
avantaĝo	avan-tadżo
paliso	palisso
cigno	tsygno
apostolo	apostoloo
kaŭri	kałrri
kristalo	kristaloo
verando	werando
strategio	strateggiyo
scivola	stsivola
majesta	majesta
mozaiko	mozaiiko
pacifiko	patsifiiko
kolonelo	koloneloo
trumpeto	trułmpeto
bicikli	bicikli
deputi	depułti
subvencio	sułbventsiyo
nadlo	nadloo
poento	po-ento
dresi	dressi
vertikalo	vertikaloo
tajli	tajli
obstaklo	obstakloo
maizo	maiizo
maizo	maiiso
majoro	majoro
resumo	ressumo
digno	diggno
horizontalo	horizontaloo
tributo	tribbuto
atlantiko	atlantiiko
sintezo	sinteso
ŝvebi	szwebi
providenco	prowidentso
revizii	rewiziyi
disciplino	distsiplino
disĉiplo	discziploo
subtila	sułbtiila
admiralo	admiraloo
skandinavo	skandinnavo
civilizacio	tsiviliizatsiyo
hieno	hiyeno
anticipi	anticipi
originalo	origginalo
bastardo	bas-tardo
lotuso	lotułso
paroksismo	parokssissmo
papiruso	papirusso
transitiva	transsitiva
angilo	anggilo
ŝovinismo	szovinissmo
sino	syno
kursivo	kurssivo
gerundio	geruundiyo
grafologio	grafologgiyo
arkaika	arkaiika
hiacinto	hhiatsinto
meksiko	meksyko
geranio	gheraniyo
artilerio	artilleriyo
angino	anghino
apopleksio	apoplekssiyo
sinagogo	synagogo
gangreno	ganggreno
glicirizo	glitsiriso
melaso	melasso
svati	swa-ti
iriso	irisso
jaguaro	yagułaro
meduzo	meduso
pustulo	pustuloo
persiko	per-syko
prismo	prissmo
ricino	rićino
santalo	santaloo
emajlo	emajlo
skismo	skissmo
kontinua	kontinóa
antipodo	antypodo
legitimi	legitiimi
gaelo	ga-elo
enciklopedio	enćiklopediyo
enciklopedio	enciiklopediyo
sekalo	sekaloo
bankiero	bankiyero
banderolo	banderoloo
laĉo	la-czo
baritono	bariitono
pendolo	pendoloo
ajlo	ajlo
sciuro	sći-uro
kontrabaso	kontrabasso
rezignacio	reziggnatsiyo
pulĉinelo	pulczinello
tajpi	tajpi
solisto	ssollisto
solisto	solisto
terceto	terceto
velocipedo	velotsipeddo
kvintesenco	kwintessentso
diagonalo	diagonaloo
glicerino	glicerino
koeficiento	ko-efitsiyento
magnetismo	magnetissmo
stearino	steaarino
vulturo	vólturo
akcizo	akciso
oksido	oksydo
bacilo	bacilo
alĝerio	aldżerriyo
funelo	funello
sandviĉo	sandvyczo
brokanti	brokannti
patriotismo	patriotissmo
rismo	rissmo
sociologio	sotsyologgiyo
spiritisto	spiritissto
anakronismo	anakronissmo
tonsuro	tonsóro
transito	transyto
antitezo	anntiiteso
friso	frisso
decimala	detsimalaa
dualismo	dualissmo
prostitui	prostitułi
indikativo	inddikativo
arkeologio	arrkeóloggiyo
silogismo	siloggissmo
solecismo	soletsissmo
atributo	atribóto
anagalo	anagaloo
angeliko	an-ge-liko
atavismo	atavissmo
bisturio	bisstułrriyo
ciklopo	tsikloppo
kejlo	kejlo
erizipelo	eriizipelo
garolo	garollo
kalendulo	kalendullo
konvolvulo	konvolvullo
konvolvulo	konwolwullo
marasmo	marassmo
mitulo	mitułloo
nizo	niso
reŭmatismo	rełmatissmo
tuberkulo	tuberkuloo
talismano	talissmano
revizoro	rewizoro
celerio	tselleriyo
cidonio	tsiidoniyo
pesimismo	pessimissmo
arabesko	ara-besko
arbalesto	arbaalesto
lesivo	lessivo
medolo	medollo
gruzo	gruso
burnuso	bułrnusso
diletanto	diletannto
harmoniumo	harmoniiułmo
kabrioleto	kabbrioleto
kabrioleto	kabrioleto
kepo	keppo
latitudo	latitułdo
stoplo	stopplo
majoliko	majoliko
bifsteko	biffssteko
devontigi	devontiggi
evolucio	e-volutsiyo
serajlo	serajlo
soklo	sokloo
singularo	singólaro
tarantelo	tarantello
toreadoro	torreaadoro
ŝrapnelo	szrapnello
alĥemio	alhemiyo
stipendio	stippenndiyo
gutaperko	gutapperko
ingredienco	ingrediienntso
kvociento	kwotsiyento
puso	pusso
purgatorio	purgaatoriyo
tangento	tangennto
trigonometrio	triggonometriyo
koncesii	koncesiyi
amortizi	amortiyzi
abituriento	abituriyennto
aŭreolo	ałręollo
pesimisto	pessimisto
binoklo	binokloo
metempsikozo	metem-psykozo
numismatiko	numissmatiko
racionalismo	racionalissmo
racionalisto	racionalisto
spiritualismo	spiritułallismo
spiritualisto	spiritułalisto
ultimato	ultimaato
idiotismo	idiotissmo
tuberkulozo	tuberkuloso
bareliefo	barelieefo
observatorio	obsservatoriyo
admiralitato	admiralitaato
arĥeologo	archęologo
imperialismo	imperialissmo
fiziologo	fiżiollogo
katekizi	katekiżi
kontribucio	kontribótsiyo
naturalismo	naturalissmo
pacifismo	patsifissmo
sociologo	sociollogo
kondicionalo	kondycyioonaloo
aloo	alo-o
aloo	a-lo-o
genciano	genciyano
etimologo	etimollogo
homeopato	homęopato
monarĥio	monar-hiyo
tonelo	tonello
gvatemalo	gvaatemalo
nikaragvo	nikaraggvo
ĉizi	cziżi
orgasmo	orgassmo
arbarvojeto	arbar-voyeto
diferenci	diferrentsi
rendevutabulo	rendevutabułloo
basbalo	bassbalo
stultaĵo	stułltażo
antaŭnelonge	antał-nelonge
aidoso	aidosso
rezervita	rezerwita
alilandano	alilanndano
banĉambro	banczammbro
banĉambro	ban-czambro
sonori	sssonorri
situi	situłi
laborigi	laboriggi
bokalo	bokaloo
liniilo	liniyilo
lastjare	last-yare
stebmaŝino	stebmaśino
deca	deća
deca	de-tsa
telefone	tele-fonnee
absolute	ab-so-lu-te
absolute	ab-so-luł-te
dommastrino	dom-mastrino
parkejo	parrkęyo
ĉina	cziyna
amplifikatoro	amplliffikatoro
zigzage	zigzagge
polvosuĉilo	polvossuczilo
sincere	sintserę
tondri	tondrri
geniulo	geniullo
purigi	puriggi
futbalo	futbballo
enlitiĝi	enlytidżi
fromaĝkuko	fromadź-kuko
ĉimpanzo	czimpannzo
kasedaparato	kassedd-aparato
studprogramo	stódprogramo
komputmaŝino	komputmaśino
tajpisto	tajpisto
skribmaŝino	skribmaśino
tajpilo	tajpilo
teamo	te-amo
teamo	tęamo
detruita	ddetruita
fervorulo	fervoruloo
abandoni	abandołni
unuiĝi	unóidżi
unuope	unóopę
koree	koreę
alilande	alillandę
hungario	hułngariyo
saĝulo	sadżuloo
favoro	faworo
konfuzilo	konfózilo
inundo	inułndo
t-ĉemizo	to-czemiiso
nedankinde	nedankindę
akordiono	akordiyono
akuŝejo	akuśęyo
almozulo	almozuloo
tajdo	tajdo
anonctabulo	anontstabułloo
armistica	armistytsa
artsatelito	art-satelito
artsketado	art-sketado
aŭskultilo	ałskułltilo
balailo	balayilo
balotilo	balotyllo
barbirejo	barbyreyo
bjalistoko	bialistoko
blindulo	blinndułloo
boaco	bo-atso
boksisto	bokssisto
brajlo	brajlo
brizo	briso
buldozo	buldoso
buŝharmoniko	buśharmoniko
celtabulo	tseltabułloo
hemoragio	hemoraggiyo
demenculo	dementsułloo
dinosaŭro	dynosałro
dormigilo	dormiggilo
duonpatrino	duonpaatrino
elevatoro	ęlę-vaatoro
elfosilo	elfossilo
fajfilo	fajfilo
fiŝboato	fiśboato
fiŝhoko	fiśhoko
kotizo	kotiiso
flegistino	fleggystino
florvazo	florvaso
forsitio	forssitiyo
fortreso	fortresso
frenezulo	frenezuloo
frizistino	fryzistino
funebrulo	funęebruloo
garantiulo	garantiuuloo
glaciejo	glatsięyo
glubendo	gllubendo
gutetigilo	gutetiggilo
hipnotismo	hipnotissmo
huffero	hóffero
jahurto	yahułrto
kablotramo	kablo-tramo
trajno	trajno
kajto	kajto
kapsiko	kapssyko
karaso	karasso
kariertabelo	karier-tabelo
kiosko	kiyosko
kiraso	kirasso
klimatizilo	klimatyzilo
kolumbario	kolumbarriyo
konsilanto	konsylannto
konsilanto	konsilannto
koruso	korusso
krevmaizo	krevmaiiso
kriplulo	kripluloo
kuirpoto	kóyrpoto
kvitanco	kwitanntso
lavovazo	lavovaso
leprulo	lepruloo
leviero	lewiero
lumturo	lułmtułrro
lumturo	lułmtułro
maĉgumo	mać-gumo
magiisto	magiyisto
manĝobastonetoj	mandżobastonnetoy
mamulo	mamułloo
mambesto	mambbesto
mamzono	mam-zono
manpremo	mannpremo
miopulo	miopułloo
-aĥo	monaho
mortinto	mortinnto
moskitvualo	moskit-vualo
motorbiciklo	motorbitsikloo
mutulo	mutuloo
oksigeno	oksiggeno
paperkrampilo	paaperkrampilo
paŝtejo	pasztęyo
pensiulo	pensiyuloo
persimono	persymono
-isto	pezlevisto
pinkonuso	pinkonusso
plugilo	plułgilo
okpieda	okpięeda
pordistejo	pordistęyo
printempa	printęmpa
projekciilo	proyekciyilo
pufpano	puf-pano
	puf-pano
pulbazaro	pulbasaro
pulo	puloo
risorto	rissorto
amboso	ambosso
rizkampo	riz-kampo
artifiko	artifiiko
dekpieda	dekpięeda
siesto	si-esto
simulanto	simułlannto
spiono	spionno
stipendiulo	stypendiuuloo
surdulo	surdullo
argentino	arggenntino
surfado	sórfado
surfo	sórfo
surfotabulo	sórfotabóloo
tajfuno	tajfuno
tempopasigo	tempopassigo
terfalo	terffalo
la-o	la-tero
vakupurigilo	vakupuriggilo
vidvino	vidwino
vojaĝagentejo	voyadżaggentęyo
vojaĝagentejo	voyadżaggęntęyo
ĉasisto	czassisto
ĉerizfloro	czeryzfloro
ĉielskrapulo	cziyelskrapuloo
ĉizilo	cziżilo
ĝibulo	dżibuloo
ŝprucigilo	szprutsiggilo
arĥaiko	arhaiiko
murdo	mułrdo
adulto	adułlto
absinto	abssinto
alciono	alltsiyono
anunciacio	anułntsiatsiyo
amortizo	amortiżo
ŝraŭboturnilo	szrałbotułrnilo
stevardo	stęevardo
stevardo	sttevardo
stevardino	sttevardino
florpetalo	florpetaalo
debuti	debułti
bangalo	bangaalo
volejbalo	volejbalo
miliono	miliyono
vodko	vodko
vodko	vodd-ko
flankokupo	flank-okupo
cipreso	tsipresso
anso	ansso
bonhavo	bon-havo
anuso	anusso
decimalo	detsimaloo
boao	boaao
avelo	aveloo
avizo	aviiso
ardezo	ardeżo
anizo	aniso
asigno	asiggno
bajoneto	bajoneto
arkaiko	arkaiiko
atribuo	atribuło
atribuo	atribóo
atriplo	atriploo
dribli	drybli
dribli	drribli
ekposedi	ekposseddi
miksaranĝisto	miks-aranndżisto
munkeno	mułnkeno
hispana	hhispana
apetigilo	apetiggilo
ŝironte	szironnte
paperoj	paaperroy
ilia	iliya
ilia	illiya
bonajn	bonajn
librojn	librojn
kafon	kafon
belajn	belajn
okulojn	okułlojn
demandas	demanndas
akuzativon	akużatiyvonn
akuzativon	akużativon
geamikojn	geamikojn
kompreneble	komprę-neblę
dolaroj	dolarroy
dolarojn	dolarojnn
kukojn	kułkojn
fariĝis	faridżis
leteroj	leterroy
ree	reę
lecionon	letsiyononn
ricevis	ricevis
trankvila	tran-kwila
trankviliĝu	tran-kvilidżu
leciono	letsiyono
piedo	pięedo
nacioj	natsiyoj
piediras	pięedirrass
piediranto	pięediranto
tuj	tuj
disdonis	dissdonis
gesinjoroj	gesinyorroy
edzino	eddzino
plaĉis	plaćis
bedaŭrinde	bedałrrinndę
horoj	horroj
leterojn	leterrojn
tie	tiyę
matene	matenę
hejme	hejmę
bone	bonę
fine	finę
semajnon	semajnonn
proksime	prok-simę
utilis	ułtilis
hieraŭ	hiyęrał
piediris	pięeddirriss
semajnfine	semajnfinę
bonege	bonegę
edzo	eddzo
edziĝo	eddzidżo
geedziĝis	ge-eddzidżis
espereble	espereblę
prizorgu	prrizorgu
gelernantojn	gelernantojn
diable	diablę
laŭeble	lałeblę
diablo	diablo
dimanĉe	dimanncze
ridis	rriddis
finfine	finfinę
frue	fruę
jarojn	yaarojn
atendis	atęnddis
ekzemple	ekzemplę
vortaroj	wortarroy
tujmesaĝilo	tuymesadżilo
dume	dumę
kisinde	kisinndę
kisinde	kissinndę
vespere	wesperę
ĉiujn	cziyujn
paĝojn	padżojn
kelkajn	kelkajn
demandojn	dęmanndojn
viajn	viyajn
kiuj	kiyuj
ofte	oftę
aliajn	a-liajn
same	samę
naciaj	naciyaj
aŭskulti	ał-skóltii
esperantistoj	esperanntistoy
verŝajne	werszajnę
malbone	malbonę
esperantistoj	esperanntisstoy
pluraj	plóraj
inviti	inviti
i-j-k	yiyoko
junulara	yónulara
malvigla	malwigla
kutime	kutimę
ijk	yiyoko
ĉiu-jare	cziyu-yarrę
okazas	okażas
ĉiu-foje	cziyu-foyę
programeroj	programerroy
trankvila	trankwila
trankviliĝu	trankvilidżu
bonan	bonan
noton	noton
malnovaj	malnovaj
ekstere	eksterę
ĝojigi	dżoyiigi
gepatrojn	gepatrojn
ĝojigi	dżojiiigi
irus	i-rus
familianoj	familiyanoy
neinteresaj	ne-interesai
paperojn	papperojn
paperujon	papperuyon
intervidiĝas	interwididżas
liaj	liyay
daŭrigis	dałrrigis
tamen	tamen
morgaŭan	morrgałan
laboroj	labborroy
malsimplajn	malsimplajn
laborojn	laborojn
bonaj	bonaj
amikeco	amiketso
feliĉigas	feliczijgas
elstaraj	elstaraj
sinjorinoj	ssiniorrinoy
sinjorinoj	syniorrinoy
malproksime	malprokssimę
diras	dirras
diras	dirass
manojn	manojn
pietron	pyetronn
nian	niyan
sekretajn	sekretajn
moneroj	monerroy
aferoj	a-ferroy
kiujn	kiyujn
fratino	fratinno
multpiedaj	multpiedaj
piedojn	pieddojn
grav-tone	grav-tonę
bieno	biyęno
malmulto	malmułlto
lingvohelpanto	lingwo-hęllpanto
ĉie	cziyę
kie	kiyę
koncertojn	kontserrtojn
entute	entutę
eŭroj	ełrroy
daŭrus	dałróss
malklaraj	mal-klarraj
funkcias	fónktsiyas
libreto	libreto
funkcias	fułnnktsiyas
funkciis	funkciyis
funkcias	funkciyas
miasperte	miyaspertę
rusio	róssiyo
vere	werę
inoj	yinoy
tute	tutę
ĉiukaze	cziyukazę
profunde	profundę
karesa	karessa
-ĉj-	-ćjo-
gardanĝeloj	gard-andżeloy
amuzegan	amuzeggann
piedo	pijedo
piediras	pijedirrass
piediranto	pijediranto
manĝotablo	mandżo-tablo
junulara	yu-nulara
eble	eblę
gardanĝelo	gard-andżelo
unue	u-nuę
ĉielen	cziyęlen
mirinde	mirindę
laŭdire	lałdirę
ene	enę
dancantoj	danntsanntoy
kisinto	kissinnto
facile	fatsilę
cetere	tseterę
biciklo	bicikloo
biciklokaravanoj	bicikloo-kara-vannoy
reprezentitaj	reprezenntiitaj
esperantumi	esperanntułmi
ŝajne	szajnę
ijk	iyoko
kongres-daŭro	kongressdałro
transportilo	transportiiloo
svelta	swelta
-er-	-ero-
-us	-óss
-estr-	-estro-
fajro	fajro
uk	ułko
koverto	kowerto
-ism-	-ismo-
turismo	turissmo
maltrankvila	maltrankwila
malmulte	malmultę
devojiĝi	devoyiiidżi
f-ino	frałlino
isae	issaę
scienca	scyentsa
kansaja	kanssaja
mondpaca	mond-patsa
ambaŭflanke	ambałflankę
enverŝi	ennverśi
maldekstre	maldekstrę
iajn	iyajn
dancantoj	danntsanntoyi
industriisto	industriiisto
plimulto	plimólto
provizora	prowizora
lernoobjekto	lerno-objekto
vundiĝi	wundidżi
premii	premiiyi
nebulo	nebułloo
honesta	hhonesta
spico	zpitso
escepti	estsepti
entrepreni	enntrrepreni
kunsido	kónnsiido
ŝveli	śweli
heroo	heroło
hispanio	hhispaniyo
ĵerzo	żerrzo
murdi	mułrrdi
konstitucio	konstittutsiyo
sveni	sweni
klasika	klasiika
klasika	klassikka
trejni	trejni
svarmi	svvarmi
konciza	konciiza
fizionomio	fiżionomiyo
fiziologio	fiżiologiyo
kolonelo	kolonello
bulteno	bulteno
buĝeto	bużeto
ŝvebi	śwebi
departemento	departemęto
burĝono	burżono
adjutanto	adyótanto
rubuso	rubusso
kolzo	kolżo
repertuaro	repertuarro
paskvilo	paskvvilo
arkeologio	arrkęologgiyo
erizipelo	eryzipelo
skorzonero	skorrzonero
ksilofono	kksilofono
lapiso	lapisso
abituriento	abiturijennto
arĥeologo	archęollogo
situi	sytułi
haladzo	haladddżo
boksisto	boksjsto
erinaco	erinattso
motorbiciklo	motorbitsjkloo
miliono	milijono
afekcii	afektsiyi
buljono	buliono
sendinto	sendinnto
batite	batitę
necesejo	nece-seyo
jaraĝa	yaraadża
gepatroj	ge-patroj
rajti	rajti
transirejo	transireyo
okulvitroj	okulvitroy
ĉiĉerono	cziczerono
kulerego	kulerego
kontenta	kontenta
trinkmono	trinkmono
gratifiko	gratiffikko
bongusta	bongusta
minuto	minuto
simili	symili
pasaĝerŝipo	pasadżerrszipo
kongreslibro	kongresslibro
radio	radiyo
ĝenerala	dżenerala
duoble	dułoblę
dekoble	dekoblę
duono	dułono
ĉiutage	cziyutagę
duona	dułona
okcidento	okcidento
kopiilo	kopiyilo
pruntedoni	pruntedoni
rapide	rapidę
komuniki	komułniki
sciigi	sciiigi
varmete	varmetę
proksimume	proksimumę
foliumi	foliumi
ventumi	ventumi
universitato	universitatto
situacio	sytuatsiyo
ie	ie
nenie	nenyię
opinii	opiniyiii
informejo	informęyo
gastejo	gastęyo
valizo	valiso
alie	aliyę
malamiko	mallamiko
-ing-	-ingo-
tiuokaze	tiyuokazę
haloo	haloło
malfrue	malfruę
duone	duonę
komplezo	kompleżo
senfine	senfinę
cerealo	tseręaloo
konsentite	konsentitę
malrapide	malrapidę
fianĉiĝi	fiannczidżi
fianĉamiko	fiannczamiko
-ino	fiannczamikino
premiito	premiiito
doganejo	doganęyo
onidire	onidirę
ĉemizo	czemiżo
eventuala	evęntułalla
vaporo	waporo
kuracisto	kuracisto
kuracistoj	kuracistoy
edzon	eddzonn
esperantismo	esperanntismo
internacian	internatsiyann
francion	frantsiyonn
ĉinion	cziniyonn
filo	filo
kursejo	kursęyo
bonguste	bongóstę
manĝu	manndżu
kune	kunę
trankvile	trannkvilę
trankvile	trannkvilę
ĝoje	dżoyę
ke	ke
oficisto	oficisto
amiko	amiko
situas	citułas
azio	ażiyo
sidas	cidas
hejmen	hejmenn
kreis	krejs
kreis	krejis
mondpaco	monddpatso
malsaĝulo	malsadżułloo
en	enn
koreion	korejiyonn
malfacile	malfatsilę
gajni	gajni
sen	sen
dividite	dividditę
homaranismo	homaranissmo
ie	iyę
honestan	hhonestann
ridegis	rriddegis
neniom	neniyom
ĉiom	cziyom
en	en
usonajn	ussonajn
ĉiun	cziyunn
flugilojn	flułggilojn
lernejo	lernęyo
je	ye
rajton	rajtonn
vundita	wundita
agrable	agrablę
necese	necesę
birdoj	bir-doy
verkistoj	verkisstoy
ironta	irronta
donacita	donacita
pianon	piyanonn
1887	mil-okh-cent-sep
1887	mil-okh-cent-okh-dek-sep
kies	kiyęs
mian	miyan
fraton	fraton
brila	brilla
kion	kiyon
lin	lin
kurantan	kurantan
trajnon	trajnonn
ne	ne
rozo	rożo
samideanoj	samiddeanoy
surpriziĝis	sórprrizidżis
de	de
onklo	onnkloo
ĉe	cze
rondiras	rondiiras
ŝvitante	szvitanntę
pendas	penddass
frumatene	fru-matenę
frumatene	fruł-matenę
fluas	fluass
pendas	pen-dass
ĉevaloj	czevalloy
malbonaj	mal-bonaj
najbaroj	najbaaarojy
dormemulo	dormemułloo
neatendita	ne-atęndita
najbara	najbara
rememoris	re-memoris
abrupte	abruptę
eksedzo	eks-eddzo
fajron	fajronn
pacistoj	pacistoy
ambicion	ambiciyonn
rideton	rydetonn
eterne	eter-nę
originalan	origynalann
koron	koron
triono	triyono
azianoj	aziyannoy
duope	duope
mision	missiyonn
retumas	retułmas
proksimume	prokssimumę
aŭskultis	ałskułltis
2-an	duann
januaro	yanułaro
birdon	bir-donn
tre	tre
gildong	gil-dong
plaĉo	plaćo
kian	kiyann
revizitos	rewizitos
duonon	duonnon
bushaltejo	bus-halteyo
seul-stacidomo	seul-stacidomo
elbusiĝi	elbułssidżi
taksio-haltejo	taksiyo-halteyo
metroo-stacio	metroło-statsiyo
linion	liniyonn
turisman	turissmann
atingu	a-tingu
taksion	taksiyonn
sejong	sedżong
trajno	trajno
s-ano	sami-de-ano
havas	hawas
flugiloj	flu-giloy
plumo	plu-mo
plumo	plu-mo
6-a	sesa
antaŭtagmeze	antałtagmeze
1-a	u-nua
ellitiĝas	el-litidżas
8-a	ohka
9-a	nała
3-a	tria
7-a	sepa
posttagmeze	posttagmeze
11-a	dek-u-nua
surfrajdi	sułrff-rajdi
sumou	su-mo-u
biciklon	bitciklonn
aŭskultante	ałskułltanntę
bildojn	bildojnn
skii	skiii
skibastonoj	skibastónoy
basbala	bas-balla
skribtabulo	skrib-tabułloo
tuĉpeniko	tucz-peniko
bifstekon	bif-stekonn
kuirtranĉilo	kujr-tranczilo
manĝobastonetoj	mandżo-bastonnetoy
sciigi	sćiiigi
pardonon	par-dononn
stratblokojn	strat-blokojn
80	ohkdek
kmh	kilo-metrojn-po-horo
esprimas	espriimas
plaŭd	plałdd
birdeto	bir-deto
stiris	stiiris
stirado	stiirado
ombreloj	ombrelloy
densan	denssann
kriptomerioj	kripto-meriyoy
enlitiĝas	en-liitidżas
tv	televidd
uk	u-ko
uk	uł-ko
dimanĉa	di-man-cza
amikojn	a-mikojnn
simfonion	simfoniyonn
kunligitaj	kun-ligitaj
sunlumo	sułnlumo
malgrandan	malgranndann
pacience	patciyentsę
supreniras	supreniiras
workaholics	łokholiks
laboroholismo	laboroholissmo
kuniklejo	kuniklęyo
treege	tre-egę
treege	tręegę
fremdaj	fremmdaj
ricevis	ricevys
se	se
diversajn	diwersajn
ekestis	ek-estis
envolvis	ennvolvis
ŝtelrigardante	sztel-rigardanntę
timegis	timmegis
unuafoja	u-nuafoya
plaĉis	plaćiss
vidante	vidanntę
palmarbon	palm-arbonn
dankinde	dankinndę
revido	rewido
paletro-lnsulo	paletro-lnsułloo
esperanton	esperannton
televizia	telewiziya
doraemon”	dora-emon”
stiras	stiiras
stiri	sstiri
licencon	licenconn
x	ikso
ilustrante	ilustranntę
linioj	liniyoy
signifon	sygniffonn
koŝien-stadiumo	koszienn-stadiułmo
teamoj	te-amoy
intermatĉas	inter-matczas
ridiga	rydiga
jarfina	yarffina
drinkante	drinkanntę
rigardante	rigardanntę
televidan	telewidann
ĉiujare	cziułyarę
drinkemulo	drinkemułloo
utiligante	u-tiligantę
rememorigas	re-memorigas
leteramikon	leter-amikonn
alilandoj	alilanndoy
plaĉos	pla-czos
modestaj	modesstaj
esprimoj	esprimmoy
manieroj	manierrooy
modestan	modesstann
esprimon	esprimmonn
embarasita	embarassita
“sony”	“soni”
“fujijama”	“fuziyama”
nhk	no-ho-ko
oficistoj	oficistoy
plenŝtopas	plen-sztopas
oficistino	oficistino
pluveroj	pluveroj
trajnoj	trajnoy
aviadilon	aviadiloonn
flughavenon	flug-hawennon
atingis	a-tingis
neimagebla	ne-ima-gebla
caac	co-a-a-co
gvidlibro	gwid-libro
akcidentoj	akcidentoy
“20	“du-dek
ŝlosilojn	szllosilojn
20	du-dek
ŝlosiloj	szllossiloy
ŝlosilojn	szllossilojn
demando	de-mando
manĝegemulo	mandżegemułloo
konsilon	konssiylonn
interkonsenti	interkonssennti
sun	sułn
gesinjoroj	gesinyołroyi
belaj	belaj
floroj	floroyi
honestaj	hhonestaj
honestajn	hhonestajn
amikinon	amikinnon
obeas	obęas
edziniĝos	eddzinidżos
45	kwar-dek-kwin
12-a	dek-dua
prononco	pronnontso
prizorgo	priizorgo
birdojn	bijrdojn
sinjoroj	sinyorroyj
knabinon	knabinnon
pluveroj	plu-veroyj
floroj	floroyj
28	dudek-ohk
instruu	instrułu
zaozhuang	zaożuang
universitato	universita-to
universitato	universitaato
fratinon	fratinnon
filinon	filinnon
forgesis	forghessis
malbonulo	malbonułllo
edziĝos	eddzidżos
interkonsentis	interkonssentis
jesis	yessis
edziniĝis	eddzinidżis
stulte	stłultę
opinias	opiniyas
honesteco	hhonestetso
edziĝoceremonio	eddzidżo-tseremoniyo
erarus	erarułs
scius	stsiyułs
farus	farułs
krias	kriyas
venkus	vennkus
malhelpu	malhellpu
anstataŭi	ansstatałiy
resaniĝu	ressanidżu
eksciu	ekstsiyu
ekscios	eksciyos
samopinias	samopiniyas
silentas	syllentas
